Scale100,Scale150,Scale200,Scale250
0.0933933,0.137085,0.152088,0.484252
