beam 0,beam 1,beam 2,beam 3,beam 4,beam 5,beam 6,beam 7
0.07803745895090823,0.07749817184817662,0.07749588628573002,0.07749549615369772,0.07749551328316656,0.07749611546073484,0.07749118373935333,0.07855017663331404
0.08164762999641664,0.08098789391989857,0.08097329665316022,0.08097364662091015,0.08097357928498579,0.080973267713002,0.08099935513988808,0.0818694296976212
0.0751217059890182,0.07512830871985157,0.07511394615843031,0.07511218040441521,0.07511256833117821,0.0751094532771125,0.0751998863529544,0.07469915226476266
0.05849829291654954,0.05890969610914337,0.05883353988118664,0.05883833072393695,0.0588377829680853,0.058838975677367365,0.058846925819231274,0.059953668304567005
