Strength,Drift
1.531434115061487,1.2544417703865403
