beam 0,beam 1,beam 2,beam 3,beam 4,beam 5,beam 6,beam 7
0.3703876701388624,0.3599100191768765,0.35987577760182726,0.35987834937043894,0.35987834937043894,0.35987577760182726,0.3599100191768765,0.3703876701388624
0.3962557037107733,0.3802870435095258,0.3801930147132187,0.38016376573809285,0.38016376573809285,0.3801930147132187,0.3802870435095258,0.3962557037107733
0.45578946427204087,0.4449461346008985,0.4444652388700292,0.44443487605445564,0.44443487605445564,0.4444652388700292,0.4449461346008985,0.45578946427204087
0.32295672582062274,0.3164413338266245,0.31555171037601537,0.3155142372902886,0.3155142372902886,0.31555171037601537,0.3164413338266245,0.32295672582062274
