Scale100,Scale150,Scale200,Scale250
0.183559,0.0935602,0.286358,0.124094
