Scale100,Scale150,Scale200,Scale250
0.0329578,0.0658432,0.125723,0.139322
