Strength,Drift
1.4037613979804355,1.1498613723987472
