Strength,Drift
1.3976626518659623,1.1448657138864182
