Strength,Drift
1.3539492046210078,1.1090587708306554
